transaction_id,date,store_city,product_id,quantity
T1001,2026-08-22,Nairobi,P005,5
T1002,2026-04-29,Mombasa,P004,6
T1003,2026-07-29,Nairobi,P002,4
T1004,05/02/2026,Nairobi,P001,1
T1005,21/06/2026,Nairobi,P005,3
T1006,2026-05-11,Kisumu,P002,4
T1007,2026-06-07,Nakuru,P002,6
T1007,2026-06-07,Nakuru,P002,6
T1008,21/04/2026,Nairobi,P002,-2
T1009,21/05/2026,Nairobi,P004,8
T1009,21/05/2026,Nairobi,P004,8
T1010,2026-03-24,Nakuru,P007,5
T1011,2026-10-04,Nakuru,P004,1
T1012,2026-08-11,Nakuru,P007,3
T1013,2026-03-14,  Nairobi,P002,5
T1014,2026-02-09,Nairobi,P006,5
T1015,2026-04-14,Nairobi,P999,2
T1016,15/02/2026,Nakuru,P005,6
T1017,2026-06-25,nairobi,P001,
T1018,2026-11-20,Nakuru,P002,2
T1019,2026-07-19,Nairobi,P003,8
T1020,06/12/2026,  Nakuru,P003,5
T1021,13/10/2026,Nairobi,P002,7
T1022,06/04/2026,Mombasa,P003,4
T1023,2026-04-16,Mombasa,P003,1
T1024,2026-08-28,Nairobi,P006,5
T1025,2026-09-22,Nakuru,P001,
T1026,2026-08-15,Nakuru ,P001,7
T1027,2026-02-06,Kisumu,P006,4
T1028,29/07/2026,Nairobi,P002,6
T1029,03/07/2026,Nakuru,P007,1
T1030,23/08/2026,Nairobi,P002,3
T1031,2026-07-07,Nairobi,P003,4
T1032,2026-01-27,Nairobi,P006,7
T1033,02/06/2026,Nairobi,P003,8
T1034,28/10/2026,Nakuru,P006,5
T1035,2026-10-27,Nakuru,P001,1
T1036,2026-06-28,NAIROBI,P006,4
T1037,2026-11-21,KISUMU,P002,2
T1038,04/05/2026,Mombasa,P004,3
T1039,2026-02-21,Kisumu,P006,1
T1040,2026-08-07,NAIROBI,P005,2
T1040,2026-08-07,NAIROBI,P005,2
T1041,31/03/2026,Mombasa ,P001,3
T1042,27/02/2026,Nairobi,P005,4
T1043,2026-08-05,Mombasa,P006,1
T1044,2026-09-08,Nairobi,P001,6
T1045,2026-09-11,Nairobi,P004,6
T1046,2026-04-17,nakuru,P004,5
T1047,2026-12-08,Mombasa,P004,8
T1048,2026-05-17,nairobi,P001,4
T1049,2026-05-06,Mombasa,P007,7
T1050,2026-08-15,Nairobi,P006,2
T1051,2026-05-22,Kisumu,P004,6
T1052,2026-03-28,Nakuru,P005,8
T1053,17/11/2026,Mombasa,P007,1
T1054,2026-08-14,Mombasa,P003,5
T1055,2026-11-10,Nairobi,P002,7
T1056,09/11/2026,Nakuru,P006,8
T1057,08/07/2026,  Nairobi,P007,4
T1058,2026-07-23,Nairobi,P007,5
T1059,2026-03-05,Mombasa,P001,5
T1059,2026-03-05,Mombasa,P001,5
T1060,2026-12-20,Mombasa,P007,5
T1061,2026-04-04,Nairobi,P001,1
T1062,2026-01-31,Nairobi ,P003,1
T1063,2026-01-02,Nairobi,P001,7
T1064,2026-05-06,Nairobi,P006,4
T1065,2026-12-24,Mombasa,P004,8
T1066,27/05/2026,Mombasa,P002,6
T1067,2026-10-17,Nakuru,P003,2
T1068,26/09/2026,Kisumu,P004,4
T1069,2026-04-30,Mombasa,P005,2
T1070,2026-08-23,Nairobi,P002,7
T1071,2026-09-18,Nairobi ,P007,4
T1072,2026-02-26,Nairobi ,P002,1
T1073,2026-11-12,Nairobi,P003,7
T1074,03/09/2026,Mombasa,P005,4
T1075,2026-08-18,Mombasa,P001,5
T1076,24/03/2026,Mombasa,P001,7
T1077,2026-07-16,Nairobi,P003,5
T1077,2026-07-16,Nairobi,P003,5
T1078,2026-05-28,Mombasa,P005,-2
T1078,2026-05-28,Mombasa,P005,-2
T1079,15/02/2026,Nairobi,P002,8
T1080,2026-05-28,Nairobi,P002,
T1081,15/10/2026,Mombasa,P004,7
T1082,2026-08-18,Nairobi,P001,7
T1083,2026-04-27,Nairobi,P005,2
T1084,2026-07-08,KISUMU,P003,3
T1085,04/10/2026,Nakuru,P004,7
T1086,03/02/2026,Nairobi,P003,4
T1087,2026-04-01,Nairobi,P006,6
T1088,2026-04-09,Nairobi,P005,2
T1089,2026-03-27,Mombasa,P007,7
T1090,2026-05-13,Kisumu ,P007,5
T1091,2026-08-09,Nairobi,P001,7
T1092,2026-05-09,Nairobi ,P004,6
T1093,2026-02-09,Nairobi,P888,5
